{"min": [-0.705801, -0.747353, -0.041258], "max": [0.697688, 0.714615, 0.04529]}