{"min": [-0.496348, -0.243162, -1.027032], "max": [0.544448, 0.298053, 0.905875]}