{"min": [-0.846928, -0.580024, -0.272669], "max": [0.803235, 0.616523, 0.137731]}