{"min": [-0.431718, -0.829095, -0.413254], "max": [0.476931, 0.803108, 0.458577]}