{"min": [-0.525251, -0.823598, -0.416327], "max": [0.516826, 0.674388, 0.426529]}