{"min": [-0.52996, -0.856392, -0.53525], "max": [0.560307, 0.845102, 0.52258]}