{"min": [-0.902694, -0.359093, -0.587528], "max": [0.894642, 0.087577, 0.523287]}