{"min": [-0.873887, -0.392249, -0.46765], "max": [0.80991, 0.418333, 0.547261]}