{"min": [-0.912785, -0.055574, -0.384207], "max": [0.866367, 0.062171, 0.443453]}