{"min": [-0.974054, -0.917374, -0.106284], "max": [0.936347, 0.993027, 0.11204]}