{"min": [-0.775429, -0.551559, -0.46176], "max": [0.800473, 0.522862, 0.698668]}